<?xml version="1.0" encoding="utf-8"?>

    <records>
        <employee>
            <name>UNTUNG NUR KHIFNI	16.11.0137</name>
            <surname>KELOMPOK 2</surname>
            <salary>50000</salary>
        </employee>

    <employee>
        <name>ADE PUTRA PRADITYA	16.11.0117</name>
        <surname>KELOMPOK 2</surname>
        <salary>50000</salary>
    </employee>

    <employee>
        <name>AHMAD	16.11.0118</name>
        <surname>KELOMPOK 2</surname>
        <salary>50000</salary>
    </employee>

    <employee>
        <name>M. I. ZULKIFLI NURUL ‘ILMI	16.11.0134</name>
        <surname>KELOMPOK 2</surname>
        <salary>50000</salary>
    </employee>

    <employee>
        <name>MOCH MUGNI LABIB	16.11.0123</name>
        <surname>KELOMPOK 2</surname>
        <salary>50000</salary>
    </employee>

    <employee>
        <name>RIDHO SANTOSO HANDOYO	16.11.0133</name>
        <surname>KELOMPOK 2</surname>
        <salary>50000</salary>
    </employee>

    <employee>
        <name>YUSUP EFENDI	16.11.0142</name>
        <surname>KELOMPOK 2</surname>
        <salary>50000</salary>
    </employee>

    <employee>
        <name>YANUAR ARVIANSYAH	16.11.0146</name>
        <surname>KELOMPOK 2</surname>
        <salary>50000</salary>
    </employee>

    <employee>
        <name>ZIDNI MUJIB	16.11.0160</name>
        <surname>KELOMPOK 2</surname>
        <salary>50000</salary>
    </employee>

    <employee>
        <name>DESI PUTRI PRATIWI	16.11.0164</name>
        <surname>KELOMPOK 2</surname>
        <salary>50000</salary>
    </employee>

    <employee>
        <name>RAFLI HUSAIN KURNIAWAN</name>
        <surname>KELOMPOK 2</surname>
        <salary>50000</salary>
    </employee>

    </records>

